,precision,recall,f1-score,support
0,0.5015297657723582,0.5219574965368278,0.5115397731294113,152317.0
1,0.7135832966203034,0.6965840846606356,0.7049812300350529,260428.0
accuracy,0.6321409102472471,0.6321409102472471,0.6321409102472471,0.6321409102472471
macro avg,0.6075565311963308,0.6092707905987317,0.6082605015822321,412745.0
weighted avg,0.6353283022335355,0.6321409102472471,0.633594726524419,412745.0
