Model,Accuracy,Precision,Recall,F1,ROC-AUC
XGBoost,0.7669602296817648,0.7398267614436157,0.9727448661434255,0.8404468139458503,0.8464591456060617
