Model,Accuracy,Precision,Recall,F1,ROC_AUC
SBERT+LogReg,0.8295436649747423,0.8963107217174097,0.8253260018124011,0.8593549780001638,0.9078711965734229
