Model,ROC_AUC
RandomForest,0.8357775160448762
LinearSVC,0.6701325674235936
XGBoost,0.8464591456060617
